﻿<?xml version="1.0" encoding="utf-8"?>
<ModMetaData>
	<name>Vile's Metallurgy перевод Russian_SK [1.4]</name>
	<author>Vile, Kiry, KommandosNOD</author>
	<packageId>vitech.metallurgy.rustranslation</packageId>
	<url></url>
	<supportedVersions>
		<li>1.3</li>
		<li>1.4</li>
	</supportedVersions>
	<description>
&lt;size=20&gt;Vile's Metallurgy translation Russian SK&lt;/size&gt;
		
Thanks to Vile Team for consulting and continuing supports awesome mod!
	~Kiry for 1.4 Translation updates.
	~Last update - 19.04.2023
		
For troubleshooting contact me: Discord - https://discordapp.com/users/277080631882547200/
	</description>
</ModMetaData>
