﻿<?xml version="1.0" encoding="utf-8"?>
<ModMetaData>
	<name>Vile's Materials Science перевод Russian_SK [1.4]</name>
	<author>Vile, KommandosNOD</author>
	<packageId>vitech.matscience.rustranslation</packageId>
	<url>https://discordapp.com/users/277080631882547200/</url>
	<supportedVersions>
		<li>1.3</li>
		<li>1.4</li>
	</supportedVersions>
	<description>
&lt;size=20&gt;Vile's Materials Science translation Russian SK&lt;/size&gt;
		
Thanks to Vile Team for consulting and continuing supports awesome mod!
https://discordapp.com/users/277080631882547200/
		
For troubleshooting contact me: Discord - https://discordapp.com/users/277080631882547200/
	</description>
</ModMetaData>
